0,1,2,3,4,5,6,7,8,9,10,11,12,13,14,15,16,17,18,19,20,21,22,23,24,25,26,27,28,29,30,31,32,33,34,35,36,37,38,39,40,41,42,43,44,45,46,47,48,49,50,51,52,53,54,55,56,57,58,59,60,61,62,63,64,65,66,67,68,69,70,71,72,73,74,75,76,77,78,79,80,81,82,83,84,85,86,87,88,89,90,91,92,93,94,95,96,97,98,99
   0.8,   0.8,   0.8,   0.8,   0.8,   0.8,   0.8,   0.8,   0.8,   0.8,   0.8,   0.8,   0.8,   0.8,   0.8,   0.8,   0.8,   0.8,   0.8,   0.8,   0.8,   0.8,   0.8,   0.8,   0.8,   0.8,   0.8,   0.8,   0.8,   0.8,   0.8,   0.8,   0.8,   0.8,   0.8,   0.8,   0.8,   0.8,   0.8,   0.8,   0.8,   0.8,   0.8,   0.8,   0.8,   0.8,   0.8,   0.8,   0.8,   0.8,   0.8,   0.8,   0.8,   0.8,   0.8,   0.8,   0.8,   0.8,   0.8,   0.8,   0.8,   0.8,   0.8,   0.8,   0.8,   0.8,   0.8,   0.8,   0.8,   0.8,   0.8,   0.8,   0.8,   0.8,   0.8,   0.8,   0.8,   0.8,   0.8,   0.8,   0.8,   0.8,   0.8,   0.8,   0.8,   0.8,   0.8,   0.8,   0.8,   0.8,   0.8,   0.8,   0.8,   0.8,   0.8,   0.8,   0.8,   0.8,   0.8,   0.8
 152.1, 152.2, 152.2, 152.1, 152.1, 152.2, 152.2, 152.1, 152.2, 152.2, 152.1, 152.2, 152.1, 152.2, 152.2, 152.2, 152.2, 152.2, 152.2, 152.2, 152.1, 152.1, 152.2, 152.1, 152.2, 152.2, 152.2, 152.2, 152.2, 152.1, 152.2, 152.2, 152.1, 152.2, 152.2, 152.1, 152.2, 152.2, 152.2, 152.2, 152.2, 152.1, 152.2, 152.1, 152.1, 152.1, 152.2, 152.2, 152.2, 152.2, 152.2, 152.2, 152.1, 152.1, 152.1, 152.1, 152.2, 152.1, 152.1, 152.2, 152.1, 152.1, 152.2, 152.2, 152.2, 152.2, 152.1, 152.2, 152.1, 152.1, 152.1, 152.2, 152.2, 152.2, 152.1, 152.2, 152.2, 152.1, 152.1, 152.1, 152.1, 152.1, 152.2, 152.1, 152.2, 152.1, 152.2, 152.2, 152.2, 152.2, 152.2, 152.2, 152.1, 152.1, 152.1, 152.2, 152.2, 152.2, 152.2, 152.2
 165.8, 167.3, 166.7, 166.9, 167.2, 166.3, 167.6, 167.0, 166.2, 165.9, 167.0, 166.6, 167.3, 165.7, 166.6, 166.2, 166.6, 166.9, 166.7, 167.1, 166.4, 166.4, 166.8, 167.2, 167.0, 166.4, 166.5, 167.2, 167.6, 166.0, 166.3, 167.1, 166.1, 166.6, 166.8, 167.2, 166.5, 166.6, 166.7, 166.9, 167.1, 166.8, 166.1, 167.2, 166.3, 166.7, 166.7, 166.0, 166.2, 166.6, 166.2, 167.2, 168.2, 166.6, 167.2, 166.7, 166.9, 166.6, 167.0, 165.7, 166.6, 165.7, 166.7, 166.1, 167.1, 166.7, 166.6, 167.6, 166.9, 166.4, 167.5, 166.4, 167.1, 166.7, 167.4, 167.0, 167.4, 167.1, 167.6, 166.5, 166.4, 166.2, 166.7, 167.2, 166.7, 167.0, 166.9, 167.3, 167.3, 167.1, 167.0, 167.9, 167.2, 166.9, 165.9, 167.1, 165.7, 166.5, 166.4, 166.8
 177.0, 179.2, 178.6, 178.8, 179.5, 178.1, 180.2, 178.4, 177.7, 177.3, 178.1, 178.8, 178.7, 177.4, 177.5, 177.4, 177.9, 178.3, 178.7, 179.6, 178.4, 177.9, 178.0, 178.8, 178.5, 178.8, 178.4, 178.7, 179.6, 177.7, 178.4, 177.9, 178.2, 178.5, 178.1, 178.9, 178.2, 177.8, 178.5, 178.2, 178.9, 179.4, 177.7, 178.8, 178.0, 178.8, 178.2, 177.1, 178.4, 177.7, 177.9, 179.4, 179.3, 178.5, 178.8, 178.2, 178.9, 178.9, 179.0, 177.4, 178.1, 177.2, 178.6, 178.0, 179.0, 178.5, 177.7, 179.6, 178.4, 177.9, 179.5, 177.9, 179.2, 178.3, 178.4, 178.1, 179.3, 178.5, 179.4, 178.0, 177.3, 177.8, 178.9, 179.1, 179.2, 178.1, 178.6, 179.2, 179.3, 179.9, 178.9, 179.7, 179.9, 178.9, 177.5, 179.5, 177.0, 178.1, 177.7, 178.2
 194.2, 194.3, 193.3, 195.0, 195.1, 193.6, 194.9, 194.8, 190.8, 194.1, 194.2, 194.0, 196.2, 190.6, 192.6, 195.0, 193.8, 192.5, 193.6, 196.3, 197.8, 192.5, 193.0, 193.8, 194.4, 193.9, 194.0, 195.3, 194.3, 193.3, 192.9, 191.5, 193.2, 196.1, 192.1, 195.2, 192.7, 192.9, 193.8, 193.4, 194.2, 194.0, 192.6, 193.1, 194.2, 194.6, 192.2, 191.6, 200.0, 193.7, 193.8, 193.7, 194.8, 194.3, 195.0, 194.5, 193.9, 194.0, 195.2, 191.5, 192.8, 192.7, 194.6, 194.2, 194.5, 193.7, 196.9, 195.3, 192.8, 192.9, 195.2, 192.9, 194.9, 194.2, 193.1, 192.9, 194.5, 194.0, 193.0, 193.8, 194.1, 193.8, 194.2, 194.0, 194.6, 193.3, 194.6, 196.4, 194.8, 196.1, 193.1, 195.1, 195.8, 193.4, 191.2, 199.1, 191.2, 193.5, 192.7, 194.4
 210.7, 208.5, 208.7, 209.8, 210.8, 209.1, 209.1, 209.2, 208.7, 210.0, 211.0, 210.1, 210.9, 207.1, 208.2, 211.4, 209.6, 208.2, 211.1, 212.0, 212.6, 210.0, 208.3, 210.9, 209.9, 208.0, 210.8, 212.0, 210.2, 209.4, 209.1, 207.8, 209.4, 211.4, 207.5, 210.4, 208.3, 208.4, 209.0, 208.5, 210.0, 209.2, 209.1, 209.0, 210.0, 210.8, 208.1, 208.8, 214.5, 210.7, 209.5, 208.4, 209.5, 210.7, 211.6, 210.1, 209.6, 208.4, 210.9, 209.1, 210.3, 208.9, 209.1, 210.5, 209.1, 209.8, 211.7, 211.1, 209.3, 208.8, 210.3, 210.3, 210.5, 209.6, 208.1, 209.1, 210.6, 207.8, 208.9, 208.9, 209.2, 208.7, 210.3, 208.9, 210.3, 208.6, 209.6, 211.2, 211.4, 211.5, 208.8, 209.9, 210.9, 208.8, 208.2, 242.5, 207.1, 209.5, 208.4, 211.4
 367.2, 389.7, 367.4, 366.2, 366.6, 389.3, 367.8, 366.5, 367.6, 366.1, 389.5, 365.5, 351.1, 366.0, 367.1, 367.0, 366.4, 364.6, 365.8, 391.2, 351.1, 367.3, 367.4, 365.5, 366.8, 390.2, 392.1, 366.7, 367.4, 351.6, 365.7, 367.7, 366.0, 369.2, 391.0, 350.1, 366.0, 351.2, 367.7, 365.0, 350.0, 366.7, 367.7, 390.2, 390.6, 369.2, 366.5, 365.6, 324.6, 368.3, 365.6, 366.4, 365.8, 366.5, 366.0, 350.0, 304.5, 390.6, 368.0, 350.0, 366.7, 365.9, 366.0, 365.9, 390.7, 366.6, 367.0, 388.0, 367.4, 365.9, 391.7, 365.4, 365.0, 350.8, 390.7, 366.0, 366.1, 368.0, 367.1, 350.5, 368.4, 366.4, 365.4, 367.0, 374.2, 351.5, 368.5, 367.3, 391.5, 365.9, 389.7, 367.5, 366.2, 350.8, 365.3, 261.5, 303.7, 366.5, 349.7, 366.3
 387.3, 401.9, 387.0, 386.5, 386.2, 401.7, 385.9, 386.6, 386.5, 387.2, 401.6, 381.1, 366.3, 385.5, 386.6, 386.4, 385.3, 388.1, 386.6, 403.1, 366.4, 385.6, 386.9, 386.4, 387.7, 402.3, 406.7, 386.1, 385.7, 366.4, 386.0, 386.0, 386.8, 386.3, 403.2, 365.8, 385.5, 365.8, 388.4, 389.2, 365.2, 386.4, 387.0, 402.9, 403.1, 386.7, 386.9, 388.2, 391.0, 388.2, 386.9, 385.3, 388.3, 386.1, 387.9, 365.6, 350.6, 402.8, 386.3, 365.4, 386.8, 387.9, 385.6, 387.9, 403.4, 389.5, 385.1, 401.2, 385.4, 387.6, 403.3, 386.1, 387.6, 366.4, 402.9, 386.5, 386.7, 387.0, 387.0, 366.0, 386.8, 387.3, 387.6, 385.7, 389.3, 366.5, 387.4, 385.7, 403.4, 388.2, 401.9, 388.0, 387.3, 366.1, 386.8, 391.7, 325.2, 386.4, 365.1, 386.4
 401.2, 415.0, 400.6, 400.6, 400.1, 414.3, 400.6, 400.4, 400.3, 400.5, 414.4, 394.2, 381.7, 400.4, 399.5, 400.6, 399.5, 401.1, 401.0, 416.6, 387.4, 400.4, 400.8, 400.5, 401.3, 415.0, 419.9, 399.4, 399.9, 386.4, 400.9, 399.7, 400.8, 400.4, 417.1, 386.0, 399.8, 387.3, 401.5, 402.2, 385.6, 400.7, 400.7, 415.2, 415.4, 400.8, 400.8, 401.4, 402.5, 402.0, 401.1, 400.1, 401.3, 400.5, 401.2, 385.9, 367.3, 416.1, 400.8, 387.7, 400.8, 401.1, 400.9, 401.0, 416.9, 402.4, 400.1, 415.1, 399.7, 401.2, 416.6, 400.7, 400.9, 386.8, 415.6, 400.8, 400.8, 401.1, 400.8, 386.9, 400.2, 401.2, 401.2, 400.3, 401.0, 386.9, 401.1, 399.5, 417.5, 402.0, 414.0, 401.1, 401.1, 387.3, 401.7, 407.2, 349.0, 399.7, 386.7, 400.6
 414.8, 439.5, 413.8, 415.3, 414.0, 437.7, 415.5, 413.5, 413.5, 415.0, 437.5, 409.3, 400.3, 414.5, 412.9, 413.5, 413.3, 416.5, 415.1, 432.3, 401.8, 414.1, 414.1, 414.7, 415.0, 431.0, 437.8, 412.8, 413.1, 400.8, 414.7, 414.1, 414.7, 414.5, 435.4, 401.2, 414.0, 402.0, 415.3, 417.3, 400.9, 415.6, 414.9, 437.9, 439.0, 414.3, 414.6, 415.7, 415.5, 415.1, 414.8, 414.1, 414.8, 414.1, 414.3, 401.3, 390.2, 433.8, 419.7, 402.1, 415.6, 415.0, 415.3, 415.1, 432.9, 416.4, 415.0, 432.7, 413.8, 415.3, 434.4, 414.6, 414.5, 401.5, 433.9, 414.3, 414.0, 414.4, 415.1, 401.4, 413.3, 415.7, 414.9, 414.0, 414.9, 401.8, 415.0, 413.0, 437.3, 416.1, 430.6, 413.9, 414.6, 401.9, 415.7, 420.0, 366.8, 413.7, 401.6, 413.8
 439.5, 459.0, 443.4, 438.1, 442.1, 455.8, 444.9, 443.3, 441.4, 441.7, 457.4, 443.4, 415.9, 443.9, 442.5, 443.2, 443.0, 440.3, 441.6, 445.7, 422.0, 439.1, 442.6, 440.7, 439.6, 444.9, 458.3, 444.0, 441.9, 421.3, 441.5, 443.0, 441.8, 441.9, 458.6, 422.4, 440.5, 417.6, 437.2, 441.9, 419.7, 439.0, 440.5, 457.6, 461.4, 440.2, 445.7, 441.3, 440.8, 440.7, 441.2, 439.1, 441.9, 440.0, 443.5, 416.9, 409.8, 458.4, 438.1, 420.4, 438.7, 442.3, 440.1, 435.1, 445.8, 440.3, 440.6, 446.2, 440.9, 442.2, 558.0, 440.2, 442.3, 421.7, 448.5, 445.1, 444.3, 442.6, 439.7, 421.5, 443.3, 441.0, 443.6, 442.6, 442.6, 421.0, 441.7, 441.5, 460.4, 442.3, 444.7, 436.3, 441.9, 421.5, 442.9, 437.7, 441.6, 442.8, 416.8, 442.1
 505.1, 559.9, 461.6, 558.9, 460.8, 558.0, 557.9, 558.9, 557.8, 461.4, 487.0, 557.2, 506.7, 559.7, 559.0, 462.9, 558.5, 460.2, 461.0, 560.1, 443.0, 558.7, 551.1, 559.2, 558.8, 574.9, 559.0, 558.4, 559.1, 442.9, 558.7, 505.0, 557.7, 461.1, 559.8, 441.3, 459.5, 445.1, 461.8, 461.8, 444.9, 456.8, 558.2, 559.4, 559.6, 507.0, 505.7, 507.3, 459.2, 559.0, 460.3, 557.6, 505.6, 460.5, 558.8, 445.7, 443.1, 487.7, 558.3, 441.9, 504.8, 460.6, 461.1, 459.6, 462.4, 459.7, 559.2, 558.2, 504.7, 560.3, 574.0, 557.8, 558.3, 443.0, 559.6, 558.9, 558.4, 558.8, 558.4, 443.3, 559.3, 557.8, 571.4, 557.4, 571.6, 442.1, 558.9, 559.4, 558.1, 558.3, 572.8, 558.4, 559.7, 444.2, 560.0, 459.2, 458.3, 460.6, 443.9, 559.1
 560.3, 575.6, 558.7, 572.6, 558.6, 597.8, 572.7, 574.4, 573.2, 599.6, 506.4, 571.0, 538.4, 573.1, 572.9, 558.3, 573.8, 558.3, 572.6, 575.1, 558.7, 572.3, 564.6, 573.4, 572.5, 593.3, 575.1, 571.6, 574.4, 558.3, 573.2, 559.0, 571.5, 600.4, 575.8, 558.9, 559.1, 560.2, 559.5, 600.6, 560.0, 559.6, 571.9, 573.7, 574.2, 559.0, 558.6, 559.1, 560.0, 573.8, 558.9, 571.8, 559.2, 560.0, 572.5, 558.2, 460.4, 559.4, 573.4, 559.0, 559.1, 560.8, 563.0, 561.1, 601.3, 563.9, 573.3, 573.0, 559.1, 575.4, 589.0, 574.5, 572.2, 576.7, 574.5, 572.3, 572.0, 573.5, 572.9, 559.8, 573.0, 571.6, 588.4, 572.6, 596.0, 558.7, 573.9, 573.6, 573.5, 572.5, 593.1, 572.2, 574.3, 572.1, 575.8, 577.7, 485.9, 599.8, 559.4, 575.7
 573.9, 595.2, 577.3, 588.5, 572.9, 615.1, 596.5, 591.0, 589.4, 615.8, 601.2, 587.5, 556.2, 588.3, 588.2, 576.5, 587.8, 574.2, 589.8, 595.6, 573.1, 589.0, 577.7, 596.7, 592.8, 612.8, 594.2, 588.6, 590.5, 572.7, 588.1, 576.1, 588.1, 615.1, 595.8, 571.7, 573.5, 575.1, 577.4, 616.1, 575.1, 575.0, 588.1, 589.3, 591.1, 574.3, 573.4, 574.8, 576.4, 590.4, 577.0, 594.6, 573.2, 577.0, 588.0, 571.5, 505.3, 576.8, 589.1, 573.1, 575.3, 577.3, 577.8, 577.1, 616.1, 578.3, 588.8, 597.6, 574.1, 595.7, 602.9, 589.4, 588.6, 594.2, 596.1, 588.8, 587.2, 589.4, 595.4, 574.1, 589.0, 587.8, 601.4, 594.9, 614.0, 572.6, 595.7, 597.0, 597.8, 587.9, 616.0, 589.5, 588.2, 586.9, 591.3, 594.3, 503.2, 615.6, 574.6, 591.7
 596.6, 616.5, 595.8, 601.7, 595.1, 629.1, 631.9, 617.3, 602.5, 630.5, 618.9, 601.4, 575.7, 602.2, 601.4, 596.5, 601.2, 596.0, 602.4, 615.8, 590.2, 602.9, 596.4, 614.1, 616.1, 629.2, 632.0, 602.0, 604.1, 589.6, 601.5, 595.4, 601.7, 629.9, 615.8, 588.3, 596.4, 592.1, 595.1, 629.7, 594.6, 591.4, 601.8, 602.4, 701.8, 596.8, 598.3, 590.1, 595.4, 629.6, 596.7, 614.8, 594.3, 595.1, 601.9, 587.7, 576.0, 596.7, 601.9, 589.7, 597.5, 598.6, 595.4, 596.4, 630.4, 596.5, 602.2, 631.3, 595.7, 613.4, 737.0, 602.1, 602.0, 613.7, 697.2, 602.6, 601.1, 602.6, 616.0, 590.2, 602.0, 601.3, 618.6, 661.9, 629.1, 588.6, 616.9, 618.0, 616.2, 601.2, 630.8, 602.8, 601.4, 600.2, 616.9, 614.8, 599.6, 629.3, 591.9, 617.2
 700.9, 662.5, 617.5, 630.2, 663.4, 701.5, 661.8, 641.0, 736.3, 646.4, 640.6, 702.5, 600.7, 737.3, 735.9, 615.4, 618.7, 617.1, 669.5, 707.1, 603.3, 703.6, 706.7, 630.7, 631.7, 662.4, 661.0, 703.2, 703.9, 603.7, 726.5, 662.4, 737.5, 645.2, 661.9, 601.6, 632.7, 663.3, 662.6, 662.0, 616.4, 671.1, 736.7, 707.3, 716.4, 617.8, 662.3, 604.2, 617.0, 661.7, 617.5, 631.9, 670.7, 615.8, 708.3, 601.8, 595.5, 631.5, 702.0, 604.1, 662.5, 616.8, 614.1, 616.0, 660.3, 616.4, 703.7, 661.3, 616.3, 632.3, 751.3, 706.9, 736.8, 628.6, 712.8, 737.2, 735.7, 630.9, 631.8, 661.3, 704.6, 705.9, 737.9, 679.0, 662.3, 602.3, 703.5, 662.7, 735.0, 702.0, 662.6, 737.6, 725.4, 616.3, 663.0, 630.5, 617.4, 660.6, 661.8, 635.5
 715.0, 737.5, 699.9, 736.3, 680.6, 720.8, 737.7, 660.2, 750.7, 661.6, 659.1, 717.0, 707.6, 750.8, 750.5, 631.1, 737.5, 736.9, 704.3, 736.5, 708.2, 721.2, 724.7, 736.6, 737.1, 739.0, 737.1, 719.4, 720.6, 717.2, 739.4, 680.3, 751.1, 662.2, 736.9, 631.2, 663.0, 679.9, 678.7, 738.0, 662.9, 694.5, 750.7, 725.1, 733.9, 725.2, 679.3, 737.4, 703.3, 736.3, 736.7, 663.4, 686.0, 631.8, 722.8, 707.8, 613.6, 707.7, 721.1, 736.6, 680.8, 702.9, 662.6, 702.7, 680.3, 634.1, 719.2, 679.5, 736.5, 738.4, 766.8, 724.9, 750.6, 717.1, 726.8, 751.4, 750.6, 737.7, 737.0, 678.5, 721.5, 735.7, 752.6, 696.2, 703.7, 700.0, 735.9, 686.1, 750.1, 721.0, 739.0, 750.8, 738.3, 632.7, 706.2, 706.7, 632.1, 678.8, 678.0, 739.2
 733.7, 752.9, 715.1, 751.8, 696.9, 736.6, 751.7, 755.5, 766.3, 793.7, 703.7, 735.8, 723.2, 764.9, 767.0, 738.3, 752.3, 751.0, 719.9, 751.7, 725.3, 735.8, 737.7, 752.0, 751.7, 754.2, 751.5, 735.3, 736.3, 735.0, 753.4, 696.2, 766.1, 793.1, 752.0, 738.3, 736.3, 696.1, 697.2, 752.6, 703.9, 708.7, 767.0, 737.5, 751.2, 738.4, 698.0, 751.3, 719.9, 751.0, 750.0, 755.4, 700.6, 739.7, 736.6, 724.5, 630.4, 725.6, 735.8, 752.2, 697.7, 718.7, 679.9, 718.4, 739.3, 737.5, 735.1, 703.3, 750.8, 752.9, 785.6, 738.1, 766.3, 736.7, 739.6, 767.5, 765.7, 752.4, 751.4, 695.3, 735.8, 752.0, 768.7, 711.6, 740.6, 735.8, 751.0, 703.0, 765.2, 736.9, 754.0, 766.1, 751.6, 754.8, 724.1, 726.7, 660.3, 701.3, 695.7, 754.1
 752.6, 768.6, 734.8, 767.5, 738.5, 754.4, 768.4, 770.6, 784.6, 811.2, 738.2, 752.0, 736.9, 792.1, 793.0, 754.0, 769.0, 765.4, 735.4, 768.4, 737.7, 751.9, 752.2, 767.7, 768.2, 793.9, 768.5, 750.8, 751.9, 750.3, 769.5, 714.2, 782.4, 809.5, 768.5, 752.1, 751.2, 736.7, 739.9, 769.2, 736.7, 735.9, 785.5, 751.9, 768.5, 752.4, 738.7, 766.9, 736.0, 767.5, 767.0, 793.5, 736.9, 754.5, 752.0, 737.6, 661.6, 738.6, 751.2, 767.0, 716.9, 736.0, 701.2, 735.5, 755.7, 752.7, 750.7, 739.6, 766.4, 770.6, 886.1, 753.5, 783.6, 751.7, 754.6, 784.2, 792.5, 768.0, 767.3, 738.0, 752.6, 855.3, 793.0, 738.4, 755.9, 751.3, 794.9, 755.7, 793.3, 752.2, 772.3, 783.5, 768.4, 770.0, 738.3, 740.0, 679.0, 739.3, 711.3, 769.9
 856.5, 793.2, 751.4, 793.3, 755.2, 854.8, 792.4, 791.6, 859.2, 834.3, 753.8, 795.0, 751.6, 871.1, 873.1, 768.8, 792.2, 792.4, 753.0, 794.4, 752.4, 794.6, 854.7, 792.8, 793.7, 816.4, 791.3, 873.1, 770.4, 768.3, 884.0, 737.7, 883.4, 838.2, 792.5, 768.4, 767.9, 755.0, 755.3, 793.2, 752.5, 753.2, 872.3, 856.9, 883.8, 769.8, 754.4, 783.8, 751.7, 793.1, 793.3, 815.9, 754.8, 770.9, 794.9, 751.9, 740.0, 753.2, 856.8, 791.9, 756.5, 752.7, 794.8, 751.2, 794.2, 768.8, 856.2, 755.9, 792.4, 791.6, 902.5, 854.9, 854.7, 793.6, 885.8, 884.3, 855.1, 792.2, 786.9, 754.0, 883.3, 868.9, 818.1, 756.9, 795.0, 767.3, 816.3, 853.1, 872.2, 796.6, 792.4, 883.5, 793.6, 785.2, 754.3, 755.0, 700.6, 853.1, 737.9, 790.8
 871.1, 872.6, 857.6, 872.7, 855.6, 870.8, 872.0, 816.4, 883.1, 852.5, 793.2, 882.0, 872.2, 884.9, 886.0, 792.1, 883.2, 872.6, 872.5, 883.5, 872.1, 856.8, 870.3, 883.5, 883.8, 854.6, 857.1, 885.3, 872.4, 795.0, 901.6, 754.7, 902.7, 853.9, 883.1, 793.0, 794.2, 855.1, 854.8, 883.9, 769.8, 871.2, 886.5, 871.9, 901.5, 794.7, 855.0, 873.5, 871.9, 874.1, 873.8, 835.1, 856.3, 792.5, 883.2, 856.6, 754.9, 855.0, 871.6, 816.6, 794.3, 855.8, 816.5, 871.7, 816.2, 792.9, 872.0, 854.4, 859.0, 883.2, 916.8, 870.2, 874.6, 871.1, 901.9, 902.0, 871.9, 873.2, 872.2, 854.1, 897.0, 881.9, 904.6, 856.6, 817.8, 793.4, 855.1, 868.2, 886.0, 872.6, 882.9, 901.1, 905.4, 857.1, 882.0, 883.2, 793.9, 868.8, 757.6, 882.9
 883.8, 887.3, 873.1, 885.8, 870.9, 883.8, 886.8, 883.7, 901.2, 870.8, 872.2, 894.8, 885.3, 902.0, 902.2, 883.9, 897.1, 885.7, 885.2, 901.9, 884.4, 872.3, 883.7, 900.2, 901.7, 871.4, 873.2, 900.8, 885.2, 884.8, 916.2, 872.8, 916.3, 870.7, 903.9, 859.4, 883.7, 871.1, 870.2, 901.5, 793.4, 884.2, 901.8, 883.9, 915.4, 884.7, 870.4, 890.4, 885.2, 891.7, 888.3, 852.8, 870.6, 874.2, 897.6, 871.6, 777.1, 871.9, 884.4, 885.4, 883.0, 871.8, 853.2, 884.4, 884.2, 883.8, 884.4, 871.2, 873.6, 902.1, 934.0, 884.1, 969.2, 883.9, 916.6, 919.0, 885.9, 885.9, 887.4, 870.2, 910.1, 895.8, 921.9, 872.4, 883.8, 884.8, 871.2, 882.2, 901.7, 885.6, 900.8, 915.5, 919.6, 872.5, 896.4, 901.3, 815.8, 882.2, 872.9, 898.5
 903.2, 902.8, 885.1, 902.3, 883.3, 903.1, 902.6, 902.8, 919.1, 885.7, 885.4, 910.0, 901.9, 918.4, 917.9, 902.0, 910.9, 901.9, 901.2, 914.6, 901.5, 885.2, 902.3, 914.0, 917.0, 885.3, 891.7, 915.9, 901.9, 902.2, 932.6, 885.7, 933.3, 885.1, 918.6, 882.5, 901.6, 883.8, 883.1, 916.4, 905.8, 901.3, 917.3, 903.6, 934.3, 901.9, 883.4, 904.0, 899.2, 904.3, 902.6, 871.2, 883.5, 887.5, 912.5, 885.0, 794.1, 886.2, 902.2, 903.7, 897.5, 884.2, 869.8, 897.8, 902.6, 902.0, 901.6, 884.0, 888.5, 916.8, 958.8, 900.5, 983.2, 897.6, 932.8, 935.8, 903.2, 902.3, 901.8, 882.9, 933.7, 912.9, 939.2, 885.0, 901.7, 902.5, 884.8, 895.6, 917.5, 901.8, 915.5, 933.6, 934.8, 885.5, 910.4, 914.8, 852.2, 896.6, 886.5, 913.3
 969.9, 919.7, 901.9, 917.4, 900.1, 972.9, 918.7, 917.4, 972.1, 971.8, 901.4, 933.6, 915.9, 970.9,1045.7, 916.9, 932.6, 917.7, 916.3, 933.8, 917.0, 902.2, 970.6, 933.5, 933.5, 969.8, 911.1, 935.5, 918.5, 916.7, 957.3, 901.4, 971.3,1016.5, 935.5, 897.3, 917.0, 902.0, 901.8, 933.2, 921.0, 915.9,1016.9,1015.4, 959.7, 917.3, 902.4, 918.6, 913.1, 919.7, 919.2, 886.7, 902.3, 901.7, 932.4, 901.9, 872.8, 902.2, 922.5, 919.0, 913.3, 901.1, 883.6, 913.1, 917.9, 916.6, 970.3, 901.3, 904.5, 936.5,1088.4,1015.9, 998.2, 912.6, 960.4, 971.3,1017.8, 918.5, 917.2, 897.9, 958.5,1018.2, 957.0, 901.5, 919.2, 917.4, 972.2, 912.3,1018.3, 917.6, 935.0, 970.9, 957.8, 901.4, 932.9, 932.7, 869.7, 918.5, 902.3, 944.1
 987.0,1016.9, 917.1,1017.4, 918.0, 987.2,1064.3, 970.7,1065.7,1014.9, 918.8, 959.6,1018.8, 987.1,1062.8, 946.4,1063.7,1017.6, 935.9, 972.9, 972.7,1042.7, 986.2, 972.3, 972.8, 985.2, 971.3,1074.7, 972.5, 933.8,1064.7, 918.2, 986.6,1040.2, 959.0, 919.3, 933.6, 969.5, 919.7, 958.9, 934.7, 934.1,1042.4,1035.0,1105.0, 936.5, 918.4,1017.5,1019.2, 945.2,1017.3, 971.4, 919.1, 917.7,1063.6, 987.1, 887.9, 972.3,1066.4, 971.1, 932.0, 917.9, 904.2, 971.8, 938.0, 934.2, 987.3, 917.2, 985.5, 971.6,1103.0,1041.8,1013.3, 971.8,1089.2, 987.6,1042.1,1063.8,1063.8,1016.8,1066.6,1055.7, 973.1, 971.3, 935.9, 944.1, 986.0,1017.9,1041.1, 971.0, 971.5,1066.1, 985.0, 922.0, 959.1, 957.6, 884.1,1016.5, 918.5, 968.1
1003.3,1062.9,1046.6,1063.9,1064.6,1003.8,1077.9, 986.2,1081.6,1043.0,1017.2,1078.0,1040.5,1078.0,1075.7, 968.7,1079.0,1042.5, 961.1,1102.5,1018.2,1056.8,1005.6,1074.8,1075.6,1001.5, 986.1,1088.9,1064.0, 972.3,1079.5,1018.1,1106.2,1054.9,1107.0, 971.8, 971.0, 985.1,1064.0, 985.3, 950.8,1073.7,1057.1,1052.7,1120.3, 959.4,1064.1,1045.8,1063.7, 970.7,1044.1,1002.8, 985.6,1064.0,1076.7,1004.9, 902.5, 986.5,1080.8, 988.2, 959.0,1057.2, 972.2,1018.0, 960.0, 961.2,1003.8,1016.9,1004.1,1018.7,1118.4,1057.4,1126.8,1064.5,1104.8,1017.2,1057.1,1077.1,1076.4,1035.7,1082.4,1073.2,1103.3,1017.4, 960.7, 970.3,1002.7,1043.3,1056.3, 988.4,1065.4,1088.3,1103.6,1063.4,1018.4,1077.0, 902.3,1042.9,1018.3, 984.8
1019.0,1076.6,1062.6,1078.1,1077.8,1019.1,1092.7,1002.4,1098.3,1063.7,1043.9,1093.7,1056.1,1093.9,1094.5, 984.5,1093.8,1062.6,1065.1,1117.3,1076.3,1072.8,1103.1,1100.1,1092.0,1018.3,1004.7,1103.2,1080.9,1065.9,1095.7,1041.5,1125.0,1072.6,1121.5,1044.9,1064.6,1017.8,1077.6,1077.3, 969.8,1088.4,1075.9,1073.4,1132.9,1064.7,1077.0,1063.3,1087.3,1102.9,1062.3,1018.3,1018.0,1076.1,1091.2,1018.9, 920.5,1004.1,1095.3,1076.7, 986.3,1073.3, 987.7,1065.6,1075.3,1075.9,1105.9,1044.0,1019.1,1076.7,1131.6,1073.1,1145.6,1078.4,1120.8,1126.0,1074.9,1091.5,1090.6,1051.1,1098.8,1089.1,1121.9,1043.3,1097.3, 987.2,1017.5,1062.6,1073.1,1021.0,1088.7,1103.1,1119.1,1076.1,1064.4,1091.0,1018.4,1063.5,1042.6,1105.1
1149.3,1092.8,1075.7,1094.3,1091.5,1128.6,1107.3,1105.9,1126.7,1130.4,1063.2,1107.9,1073.0,1108.5,1158.2,1104.5,1107.5,1076.4,1088.8,1130.4,1092.8,1088.0,1120.5,1123.6,1105.5,1127.9,1126.5,1121.0,1102.9,1088.7,1127.1,1062.7,1144.1,1090.2,1134.9,1062.5,1088.3,1065.1,1092.2,1094.8,1106.1,1101.9,1150.3,1094.9,1146.9,1093.8,1091.0,1077.3,1102.1,1120.2,1094.5,1076.4,1077.5,1090.1,1105.3,1105.0,1018.5,1104.7,1109.6,1093.7,1128.2,1087.5,1075.9,1105.1,1094.4,1093.1,1123.6,1063.0,1043.6,1093.7,1147.8,1106.2,1158.6,1092.8,1145.6,1144.8,1150.5,1104.9,1104.4,1065.3,1127.7,1104.5,1140.0,1063.4,1121.6,1106.4,1127.9,1076.6,1095.8,1075.5,1102.5,1122.3,1131.5,1092.8,1094.7,1104.2,1041.7,1109.7,1062.9,1121.6
1164.0,1108.9,1092.8,1126.1,1105.0,1146.1,1125.0,1123.7,1146.2,1146.5,1080.0,1123.6,1156.2,1124.9,1217.8,1122.2,1125.3,1149.2,1105.2,1145.8,1106.9,1106.1,1133.1,1146.0,1125.1,1145.7,1144.9,1147.3,1120.2,1103.2,1147.5,1078.0,1157.6,1213.3,1148.6,1076.2,1103.2,1094.1,1105.7,1109.5,1121.5,1118.5,1175.6,1216.5,1217.8,1106.5,1104.9,1098.2,1124.4,1132.7,1150.2,1102.5,1101.8,1104.2,1124.8,1124.5,1040.4,1121.9,1126.0,1108.2,1144.4,1102.8,1093.4,1124.1,1109.7,1105.7,1145.9,1090.4,1157.2,1126.5,1281.1,1216.3,1215.1,1107.3,1215.1,1158.0,1177.9,1125.5,1127.6,1209.9,1148.0,1218.3,1153.3,1078.4,1134.8,1124.5,1145.8,1104.7,1207.1,1106.0,1124.4,1148.3,1145.7,1106.9,1109.3,1123.6,1055.2,1125.7,1077.9,1139.2
1178.1,1127.1,1109.8,1148.4,1128.3,1158.2,1295.9,1145.7,1165.8,1164.3,1132.1,1237.1,1216.7,1148.0,1232.4,1145.1,1274.7,1174.4,1123.5,1277.1,1125.2,1215.5,1147.3,1235.3,1147.2,1158.8,1157.6,1236.0,1148.8,1124.3,1218.8,1096.5,1281.9,1228.3,1276.6,1093.0,1122.8,1109.1,1150.8,1125.3,1135.8,1151.8,1195.1,1232.7,1234.7,1123.8,1125.1,1214.4,1147.3,1146.5,1176.4,1124.8,1125.7,1127.0,1275.2,1145.3,1055.5,1139.3,1273.8,1126.1,1157.2,1216.1,1106.8,1140.7,1125.7,1123.3,1229.3,1106.2,1175.4,1146.5,1297.4,1230.6,1234.9,1126.0,1235.2,1174.6,1195.0,1150.5,1273.2,1223.4,1282.0,1234.1,1274.3,1210.1,1148.0,1140.6,1158.6,1216.8,1220.1,1124.4,1147.6,1235.4,1168.0,1127.1,1125.5,1149.8,1073.8,1146.8,1096.3,1152.0
1195.3,1218.1,1128.7,1274.7,1235.3,1176.4,1311.5,1159.3,1306.6,1274.4,1150.2,1252.5,1231.5,1281.6,1250.0,1158.6,1289.5,1208.7,1146.9,1293.7,1148.7,1231.6,1275.7,1252.3,1305.4,1175.8,1174.9,1254.4,1276.0,1150.9,1234.7,1130.3,1296.9,1248.4,1294.5,1128.0,1146.0,1126.7,1217.3,1151.5,1149.2,1281.2,1210.9,1247.9,1306.6,1150.1,1235.8,1229.6,1276.0,1281.9,1196.2,1146.8,1145.5,1277.0,1291.8,1158.6,1073.7,1153.4,1288.9,1217.2,1172.3,1230.9,1124.9,1155.4,1146.7,1148.4,1248.5,1127.6,1191.8,1308.1,1312.4,1247.1,1252.2,1269.5,1287.7,1304.1,1212.2,1280.8,1287.0,1235.8,1297.5,1252.0,1291.7,1225.5,1165.6,1155.0,1176.6,1230.2,1234.4,1148.4,1272.2,1256.9,1308.0,1256.0,1147.9,1276.1,1129.7,1274.1,1215.2,1275.7
1216.6,1234.6,1276.4,1288.6,1253.8,1306.7,1325.1,1314.4,1320.7,1293.8,1166.8,1270.6,1249.1,1295.8,1271.1,1174.7,1303.9,1227.0,1254.2,1306.9,1313.3,1247.9,1293.3,1270.7,1319.9,1316.1,1313.9,1272.8,1294.5,1276.0,1253.3,1151.1,1311.9,1267.8,1309.8,1149.9,1275.4,1147.7,1235.1,1275.0,1298.8,1298.0,1362.8,1267.0,1324.5,1281.1,1251.8,1249.1,1293.2,1296.9,1214.0,1217.2,1159.3,1292.9,1305.5,1306.2,1156.1,1306.4,1303.0,1235.4,1276.1,1248.8,1147.2,1304.9,1274.4,1313.5,1266.0,1151.5,1207.0,1321.3,1332.3,1267.0,1348.2,1283.5,1306.3,1317.1,1228.1,1295.6,1301.1,1249.9,1311.6,1271.5,1307.0,1247.8,1315.7,1173.5,1345.9,1249.1,1249.0,1216.9,1287.8,1273.2,1322.4,1271.9,1281.3,1291.0,1148.1,1295.1,1229.6,1291.2
1316.4,1255.6,1294.4,1304.9,1269.6,1320.2,1340.5,1331.4,1335.3,1308.3,1273.6,1287.2,1274.5,1309.7,1403.9,1314.8,1317.3,1315.0,1274.2,1323.2,1328.3,1356.8,1307.0,1290.9,1339.3,1333.2,1332.7,1309.4,1308.2,1293.5,1275.0,1280.8,1332.2,1403.1,1346.4,1279.3,1290.2,1308.2,1254.3,1293.2,1313.0,1312.5,1377.1,1385.8,1340.6,1296.9,1269.7,1269.2,1308.4,1311.4,1230.8,1236.0,1303.3,1306.8,1323.9,1319.5,1217.0,1320.4,1317.4,1252.5,1293.4,1274.4,1306.4,1320.2,1290.5,1332.4,1282.4,1306.4,1314.8,1333.9,1431.2,1403.3,1364.2,1297.8,1347.2,1332.4,1384.3,1310.1,1315.0,1401.2,1328.1,1403.7,1323.8,1264.8,1332.5,1308.1,1361.0,1269.7,1399.1,1234.2,1303.3,1399.2,1338.2,1285.9,1297.5,1304.6,1267.2,1309.1,1247.3,1306.3
1345.1,1385.2,1308.7,1320.3,1286.7,1334.7,1462.2,1345.2,1349.7,1333.6,1293.8,1307.8,1385.3,1325.0,1418.1,1331.4,1421.9,1345.3,1290.1,1422.0,1342.0,1372.0,1323.2,1314.2,1354.5,1346.2,1346.0,1403.3,1323.0,1307.0,1403.5,1297.2,1436.1,1416.9,1405.7,1295.0,1304.0,1323.6,1274.3,1307.4,1326.4,1332.4,1392.1,1401.0,1356.2,1311.4,1286.7,1399.7,1324.0,1346.1,1384.5,1251.8,1316.0,1320.8,1404.5,1335.2,1231.0,1338.7,1404.5,1274.5,1307.8,1398.8,1319.0,1334.9,1304.0,1345.6,1404.3,1320.1,1346.1,1347.5,1462.7,1416.7,1381.4,1313.0,1403.6,1349.8,1398.9,1330.6,1405.3,1414.8,1419.3,1417.2,1420.3,1281.4,1346.3,1323.5,1374.0,1405.2,1413.0,1253.2,1385.6,1414.2,1354.4,1302.7,1311.6,1320.9,1280.4,1322.7,1275.3,1322.4
1363.0,1399.3,1324.4,1404.8,1386.9,1349.0,1478.9,1360.3,1479.7,1421.8,1307.4,1403.7,1401.6,1347.9,1431.4,1346.1,1436.0,1362.8,1306.4,1436.3,1356.1,1385.7,1348.2,1404.3,1421.9,1362.0,1363.7,1416.8,1341.9,1322.0,1417.5,1312.1,1459.0,1429.2,1420.1,1308.9,1318.2,1338.9,1403.2,1322.5,1341.5,1349.8,1405.5,1415.2,1481.3,1403.5,1404.5,1413.5,1421.1,1404.5,1398.1,1385.5,1331.2,1420.6,1419.3,1348.6,1248.3,1355.5,1420.0,1400.2,1324.8,1414.7,1331.8,1384.8,1320.0,1361.7,1417.7,1333.6,1363.8,1422.7,1479.4,1429.6,1404.1,1419.9,1417.9,1365.4,1413.3,1347.3,1421.4,1428.4,1435.3,1430.4,1437.3,1405.5,1361.1,1338.2,1387.2,1418.5,1425.6,1274.6,1401.6,1428.7,1480.3,1321.6,1331.9,1419.0,1295.0,1341.3,1387.5,1405.1
1384.5,1414.2,1346.5,1421.4,1402.1,1480.1,1499.5,1481.3,1500.4,1435.9,1323.6,1419.4,1416.5,1462.8,1460.9,1363.6,1457.8,1384.8,1323.4,1461.2,1481.1,1402.6,1437.4,1419.7,1463.0,1481.4,1384.9,1433.5,1437.5,1421.7,1430.5,1332.3,1476.5,1461.6,1436.1,1324.3,1405.2,1355.7,1417.6,1404.7,1422.5,1480.4,1421.7,1430.9,1498.0,1417.8,1418.6,1426.9,1436.2,1421.0,1412.1,1399.7,1346.0,1437.5,1436.4,1461.5,1267.6,1423.6,1435.7,1414.9,1421.4,1428.6,1346.6,1404.0,1420.2,1481.1,1431.5,1346.8,1385.3,1440.1,1498.3,1480.6,1420.3,1435.0,1432.2,1484.5,1426.8,1437.9,1436.4,1462.3,1458.3,1461.5,1460.0,1419.5,1422.4,1353.7,1403.0,1431.0,1438.6,1398.5,1417.0,1446.3,1499.0,1423.0,1349.9,1436.0,1314.1,1460.6,1402.7,1422.1
1401.9,1429.8,1480.9,1436.3,1416.6,1495.5,1514.3,1498.1,1513.3,1457.6,1461.0,1435.2,1430.6,1479.9,1479.7,1385.6,1479.7,1402.2,1435.1,1480.2,1497.8,1419.3,1463.9,1435.2,1480.2,1498.4,1406.1,1459.6,1461.6,1435.5,1486.2,1422.5,1496.4,1479.9,1461.6,1421.5,1421.3,1422.8,1430.5,1419.7,1437.8,1498.0,1516.0,1515.6,1511.3,1431.0,1432.6,1462.5,1458.4,1436.7,1425.6,1414.5,1364.1,1459.8,1462.1,1478.7,1385.7,1481.5,1464.1,1428.4,1436.4,1462.9,1365.1,1420.8,1435.4,1498.6,1461.3,1422.5,1400.5,1462.5,1513.7,1511.7,1516.5,1459.0,1484.3,1500.0,1486.1,1458.6,1461.4,1480.7,1479.4,1480.3,1479.8,1433.3,1481.7,1479.9,1515.9,1486.5,1485.7,1413.0,1435.4,1481.6,1512.5,1438.1,1480.3,1459.8,1422.6,1479.5,1416.9,1436.5
1420.5,1515.6,1498.7,1462.4,1430.5,1509.8,1534.6,1511.7,1532.5,1480.3,1476.9,1460.7,1485.3,1499.4,1599.9,1481.8,1500.4,1418.4,1460.0,1516.3,1512.5,1516.1,1479.5,1462.1,1515.7,1513.0,1424.7,1480.3,1480.0,1458.8,1503.5,1438.4,1514.1,1584.4,1481.4,1436.2,1435.6,1480.1,1458.9,1435.8,1459.9,1511.0,1534.1,1534.6,1532.4,1461.7,1459.9,1480.8,1478.9,1464.4,1484.1,1429.0,1481.2,1477.7,1517.4,1495.0,1401.2,1499.0,1481.3,1461.7,1459.2,1480.4,1480.3,1515.5,1459.9,1513.1,1482.4,1464.4,1421.1,1481.4,1534.3,1535.2,1533.7,1479.6,1516.0,1513.9,1514.5,1477.1,1481.4,1517.2,1515.5,1601.3,1500.7,1462.7,1500.3,1493.4,1533.4,1513.0,1515.0,1427.9,1517.2,1516.6,1532.9,1463.2,1498.7,1478.8,1437.0,1497.8,1432.8,1463.8
1515.2,1533.3,1512.8,1482.5,1567.0,1535.0,1644.6,1533.7,1603.1,1516.2,1491.1,1480.3,1514.6,1514.3,1614.9,1499.1,1517.1,1516.4,1479.2,1587.1,1533.1,1532.7,1514.8,1480.9,1533.5,1533.5,1515.7,1515.7,1499.5,1480.7,1516.8,1457.0,1644.5,1598.7,1598.7,1461.6,1515.4,1497.8,1479.7,1461.2,1481.5,1528.3,1569.9,1569.4,1599.4,1481.1,1481.2,1514.5,1570.7,1567.0,1514.8,1564.9,1498.1,1515.6,1572.1,1513.1,1415.2,1512.7,1517.4,1480.1,1479.6,1600.0,1509.8,1533.4,1479.5,1532.8,1516.1,1481.6,1515.5,1599.1,1644.3,1599.4,1564.1,1501.3,1534.1,1533.3,1534.5,1514.9,1517.1,1599.3,1601.5,1615.2,1602.9,1480.9,1514.5,1509.1,1556.3,1533.2,1600.7,1463.1,1534.6,1599.4,1644.5,1479.9,1512.7,1500.0,1458.6,1513.6,1516.9,1484.9
1533.6,1564.8,1532.1,1598.8,1582.1,1602.8,1661.2,1602.2,1644.5,1601.9,1510.0,1516.6,1598.7,1534.5,1642.0,1514.4,1602.1,1534.7,1500.4,1601.3,1643.9,1563.3,1534.8,1517.1,1648.7,1600.5,1534.5,1601.1,1515.7,1500.5,1534.4,1479.1,1660.5,1616.0,1616.4,1479.7,1533.6,1513.0,1598.5,1482.4,1599.3,1623.6,1600.1,1586.3,1622.0,1598.7,1516.1,1600.7,1588.6,1585.2,1534.6,1582.1,1513.2,1600.4,1596.9,1601.4,1430.7,1533.7,1600.1,1599.3,1516.4,1616.6,1525.9,1562.0,1515.2,1619.4,1603.1,1513.0,1534.3,1615.7,1661.2,1620.5,1588.2,1516.8,1601.5,1602.0,1601.4,1535.2,1601.4,1616.6,1618.4,1630.1,1620.0,1599.1,1534.0,1532.3,1571.0,1565.8,1619.5,1482.6,1565.3,1616.0,1661.1,1500.3,1532.2,1517.1,1479.2,1533.9,1535.0,1517.9
1564.2,1584.6,1644.4,1616.0,1596.3,1620.3,1676.6,1622.5,1662.1,1618.6,1534.8,1598.7,1615.2,1644.6,1658.8,1532.5,1622.2,1556.7,1515.7,1617.9,1660.3,1584.1,1643.1,1602.6,1662.4,1619.1,1570.3,1620.2,1643.6,1515.9,1667.1,1515.7,1674.5,1642.3,1641.7,1516.1,1597.6,1534.7,1614.8,1567.5,1615.5,1643.2,1618.0,1601.3,1643.3,1615.6,1601.2,1618.0,1602.0,1598.8,1599.8,1597.3,1533.6,1616.9,1614.7,1618.8,1517.2,1603.2,1618.4,1616.1,1599.5,1640.5,1545.8,1584.2,1569.9,1642.3,1619.1,1600.1,1556.7,1642.0,1676.2,1643.4,1602.9,1644.9,1619.2,1621.1,1620.8,1602.1,1618.6,1641.6,1640.7,1644.5,1642.0,1616.2,1644.3,1601.5,1599.1,1602.2,1641.7,1571.9,1584.2,1642.8,1676.0,1515.6,1602.1,1644.2,1516.6,1646.3,1566.2,1602.8
1584.4,1599.5,1660.1,1642.3,1613.7,1643.2,1700.6,1643.3,1678.4,1640.6,1602.8,1616.1,1641.9,1662.1,1679.4,1602.6,1643.1,1573.8,1600.9,1645.2,1674.6,1599.9,1661.9,1619.3,1676.8,1644.3,1588.1,1641.4,1659.1,1602.1,1680.7,1598.3,1687.5,1678.3,1659.1,1601.8,1621.6,1645.5,1641.5,1586.0,1641.6,1660.6,1720.1,1621.3,1662.0,1641.7,1618.6,1641.3,1620.5,1616.1,1617.7,1615.2,1644.9,1640.3,1644.8,1640.9,1533.9,1622.4,1643.6,1641.6,1616.2,1658.0,1566.6,1600.1,1586.9,1662.1,1642.2,1616.2,1599.5,1658.0,1706.4,1662.0,1621.7,1661.2,1641.9,1642.5,1644.3,1619.0,1641.9,1659.2,1663.5,1662.6,1662.2,1642.2,1661.5,1618.3,1679.9,1622.5,1661.0,1590.1,1600.4,1659.7,1703.9,1645.0,1619.5,1661.4,1599.5,1661.6,1584.7,1619.9
1600.9,1724.7,1674.7,1658.8,1745.5,1662.5,1717.0,1664.6,1720.6,1661.8,1620.7,1641.3,1659.5,1676.9,1822.0,1622.0,1663.1,1600.2,1619.7,1666.2,1700.5,1680.3,1677.1,1642.2,1699.6,1663.5,1602.6,1662.2,1674.4,1621.3,1697.7,1616.0,1791.3,1780.8,1677.7,1617.0,1643.3,1661.0,1658.4,1600.9,1661.9,1675.8,1735.3,1735.9,1685.6,1660.4,1642.8,1662.5,1646.0,1769.2,1642.7,1645.2,1662.2,1662.2,1663.3,1661.1,1564.1,1643.9,1662.1,1660.4,1642.4,1678.1,1666.2,1705.8,1600.9,1678.3,1662.0,1642.0,1616.9,1678.1,1788.8,1678.9,1744.8,1675.3,1663.6,1662.1,1686.0,1644.7,1661.4,1677.9,1679.7,1790.2,1681.5,1661.7,1677.1,1643.1,1705.5,1643.1,1678.2,1603.1,1707.3,1679.2,1840.8,1660.8,1642.9,1675.8,1616.1,1676.7,1599.8,1642.0
1686.9,1739.6,1707.1,1678.2,1761.0,1680.2,1860.0,1685.4,1860.9,1679.7,1644.3,1661.7,1677.1,1722.0,1841.9,1642.9,1803.1,1724.1,1642.3,1789.9,1720.0,1705.4,1700.6,1661.4,1717.5,1684.7,1686.5,1678.2,1705.8,1643.2,1713.4,1644.2,1818.6,1801.2,1803.6,1642.3,1663.1,1676.5,1676.8,1618.0,1678.5,1818.6,1749.8,1761.6,1820.3,1676.0,1660.9,1686.8,1666.8,1783.9,1665.2,1786.0,1677.3,1680.4,1789.6,1678.1,1599.2,1663.0,1679.7,1678.5,1661.4,1804.3,1682.8,1720.3,1619.8,1804.9,1679.8,1660.1,1645.3,1819.4,1804.4,1842.1,1761.0,1705.0,1781.4,1679.0,1704.3,1661.3,1678.2,1820.2,1789.5,1804.5,1841.8,1678.3,1749.2,1661.7,1720.2,1747.0,1819.1,1621.4,1721.6,1789.3,1861.0,1676.4,1665.3,1699.4,1642.0,1704.2,1706.7,1661.7
1705.2,1760.8,1725.1,1843.5,1776.9,1841.6,1874.1,1842.0,1874.2,1841.9,1665.0,1679.1,1840.6,1744.7,1857.3,1662.1,1818.6,1737.9,1680.6,1817.3,1859.9,1719.4,1718.1,1679.8,1861.7,1818.5,1705.2,1819.1,1720.4,1661.8,1861.8,1662.4,1839.1,1817.8,1818.7,1662.9,1679.4,1704.5,1706.8,1647.0,1705.3,1837.1,1770.5,1779.6,1837.2,1788.1,1677.5,1822.9,1790.6,1798.9,1682.6,1801.8,1701.1,1818.9,1804.6,1791.9,1618.2,1790.9,1705.7,1839.8,1679.3,1821.9,1704.5,1734.4,1745.5,1820.0,1819.2,1677.5,1706.5,1836.0,1821.4,1857.8,1778.6,1722.3,1801.7,1821.4,1721.5,1679.1,1802.5,1839.1,1803.5,1822.4,1857.0,1802.6,1787.9,1803.4,1737.7,1780.9,1839.0,1779.5,1736.8,1805.1,1874.2,1700.4,1789.3,1717.3,1661.8,1721.4,1721.7,1678.4
1719.8,1779.3,1841.5,1857.0,1874.3,1856.0,1890.1,1857.4,1888.5,1857.1,1686.1,1820.7,1856.2,1844.2,1872.6,1686.4,1831.7,1753.7,1720.6,1840.3,1873.8,1735.8,1861.3,1788.9,1874.7,1837.8,1719.9,1838.1,1863.5,1679.4,1874.5,1680.0,1856.9,1841.9,1833.3,1679.3,1842.1,1721.0,1856.7,1802.5,1857.4,1854.1,1877.4,1801.5,1854.6,1805.1,1791.1,1840.2,1805.2,1817.8,1843.7,1817.7,1720.6,1837.5,1819.3,1819.1,1706.3,1818.6,1857.5,1855.6,1792.0,1839.0,1720.1,1843.7,1761.7,1839.2,1839.5,1804.0,1720.8,1855.7,1875.6,1872.0,1802.8,1841.6,1817.8,1838.1,1873.0,1841.9,1818.8,1856.2,1818.9,1841.8,1871.2,1821.8,1802.9,1818.9,1880.1,1802.0,1856.1,1791.8,1874.5,1820.8,1890.9,1719.9,1804.4,1843.6,1680.7,1874.4,1737.2,1860.9
1735.9,1802.9,1857.0,1872.1,1891.1,1870.8,1914.4,1872.4,1914.6,1870.3,1706.7,1837.9,1870.9,1860.2,1893.0,1818.7,1856.6,1770.7,1736.8,1858.0,1889.6,1843.9,1874.8,1804.9,1890.5,1854.7,1736.4,1855.4,1876.0,1820.4,1889.9,1805.6,1875.4,1875.7,1856.1,1804.3,1859.5,1865.8,1871.5,1818.4,1872.3,1872.4,1895.0,1917.3,1872.7,1819.3,1817.3,1855.5,1819.8,1876.4,1860.2,1840.7,1843.4,1854.4,1840.4,1838.0,1721.0,1838.8,1873.3,1871.2,1818.3,1875.2,1741.4,1861.6,1778.8,1855.4,1855.2,1819.9,1843.9,1872.1,1894.7,1889.8,1876.8,1856.2,1839.3,1855.7,1889.5,1856.0,1840.2,1873.0,1842.9,1947.8,1890.1,1840.5,1820.1,1840.2,1893.5,1818.5,1872.3,1804.4,1889.9,1842.0,1917.3,1866.7,1818.5,1859.9,1820.0,1890.3,1844.3,1874.0
1875.0,1964.0,1872.5,1890.9,1912.5,1890.2,1992.7,1889.6,1991.3,1890.7,1873.9,1855.4,1890.5,1874.0,1991.5,1840.1,1874.9,1876.9,1843.7,1874.3,1911.7,1861.4,1890.0,1820.1,1975.2,1872.2,1873.4,1872.1,1889.8,1839.3,1914.6,1821.1,1983.4,1985.1,1875.7,1819.0,1872.7,1878.9,1888.2,1831.4,1889.4,1892.0,1914.3,1938.1,1893.8,1841.3,1839.5,1872.7,1877.0,1947.9,1873.7,1877.6,1860.7,1870.1,1971.9,1860.0,1743.6,1855.8,1890.0,1890.7,1832.1,1900.7,1875.7,1875.2,1803.4,1872.7,1871.9,1838.8,1860.0,1892.9,1987.0,1915.9,1915.5,1871.9,1874.6,1873.1,1902.0,1871.1,1857.7,1892.8,1974.5,1966.7,1984.4,1857.4,1943.6,1859.7,1911.0,1842.4,1891.0,1819.3,1909.9,1970.4,1992.7,1879.9,1842.2,1874.4,1838.4,1913.3,1860.2,1889.7
1891.5,1977.7,1891.2,1985.1,1983.1,1983.3,2007.6,1916.3,2024.1,1987.1,1890.6,1872.3,1984.5,1893.9,2007.0,1856.1,1990.2,1893.0,1861.2,1972.2,1990.9,1874.6,1914.2,1840.3,1989.4,1891.5,1890.1,1893.5,1914.1,1854.9,2023.5,1839.6,1997.4,1998.7,1991.8,1837.7,1890.9,1892.1,1915.0,1853.7,1914.1,1993.1,1985.6,1955.1,1987.0,1944.3,1874.9,1891.9,1893.5,1965.1,1889.9,1982.9,1873.5,1985.5,1985.8,1875.9,1843.0,1874.2,1914.5,1990.9,1875.6,1986.8,1890.8,1891.4,1878.0,1984.7,1893.1,1857.4,1874.1,1991.7,2002.0,1994.2,1942.9,1891.2,1975.7,1892.4,1915.3,1890.1,1874.6,1983.2,1987.9,1982.0,1998.2,1874.8,1960.6,1875.2,1942.8,1969.4,1993.0,1970.5,1926.3,1982.9,2022.5,1892.5,1972.1,1891.0,1855.2,1928.9,1874.2,1911.3
1914.8,1989.4,1991.4,2000.3,2002.9,1996.3,2022.5,1992.7,2040.3,2002.3,1910.8,1970.7,1997.8,1991.2,2022.5,1872.1,2005.0,1913.1,1874.9,1988.3,2007.0,1891.2,1991.7,1877.0,2003.8,1991.4,1903.1,1993.4,1991.2,1872.0,2038.0,1857.1,2016.6,2015.7,2007.5,1860.6,1991.3,1913.3,1938.0,1876.1,1986.0,2022.3,2002.3,1971.3,2002.8,1963.6,1893.8,1985.8,1917.4,1981.3,1986.9,1995.2,1890.2,1998.9,1998.8,1984.5,1859.9,1894.0,1993.4,2022.6,1894.3,2002.5,1912.8,1915.4,1916.3,1998.8,1992.9,1875.8,1890.2,2007.9,2017.8,2022.5,1961.0,1989.9,1988.6,1991.9,2024.4,1986.5,1989.1,1997.5,2001.6,1995.5,2022.7,1984.9,1974.4,1993.1,1969.4,1982.9,2010.2,1983.2,1942.6,1994.4,2043.9,1913.2,1985.4,1991.5,1872.5,2024.4,1891.4,1991.7
1984.7,2002.5,2006.9,2017.8,2020.6,2023.0,2039.3,2044.1,2055.2,2022.4,1926.7,1985.9,2018.3,2007.0,2040.4,1985.7,2021.6,1930.2,1890.4,2002.6,2022.4,1991.2,2009.0,1973.0,2022.3,2021.7,1916.5,2009.6,2007.5,1976.9,2050.7,1875.6,2044.6,2035.4,2022.3,1876.3,2008.9,1992.1,1993.7,1989.9,2002.4,2038.5,2020.0,1989.2,2020.4,1979.1,1974.6,2002.4,1942.8,1994.4,2003.2,2009.1,1991.5,2016.1,2016.9,1998.6,1874.3,1992.2,2009.8,2038.3,1918.3,2020.7,1943.4,1992.6,1939.6,2016.5,2021.5,1983.4,1991.5,2022.9,2037.0,2039.2,1981.6,2003.5,2002.4,2024.4,2042.7,2001.9,2003.5,2021.9,2019.5,2048.4,2043.6,2001.9,1988.9,2008.4,1987.9,1994.7,2024.7,1994.4,1994.6,2022.9,2070.3,1993.3,1999.4,2006.5,1892.1,2042.8,1991.5,2008.7
1998.5,2022.9,2022.5,2047.8,2041.3,2040.5,2191.8,2061.5,2071.3,2045.1,1943.3,2000.2,2045.9,2023.0,2192.2,1998.6,2039.6,1994.1,1984.9,2019.8,2043.7,2004.7,2023.6,1986.4,2192.3,2039.3,2043.1,2024.3,2023.4,1991.0,2066.4,1989.9,2066.7,2049.3,2042.8,1984.2,2022.4,2022.9,2024.9,2004.5,2019.6,2051.9,2041.6,2072.2,2040.5,1992.5,1990.3,2018.9,2045.4,2106.6,2018.8,2023.9,2018.2,2037.1,2107.0,2018.1,1890.6,2008.2,2023.9,2052.5,1992.1,2039.4,1984.2,2023.5,1974.7,2036.7,2037.5,1997.3,2007.1,2044.5,2052.5,2054.2,1995.3,2021.3,2022.3,2041.0,2055.8,2018.9,2020.6,2045.3,2040.2,2066.2,2071.6,2018.4,2003.7,2022.8,2106.3,2009.9,2040.8,2010.4,2073.5,2045.0,2106.8,2023.8,2020.9,2021.5,1992.1,2059.9,2022.9,2023.5
2015.3,2190.8,2046.2,2072.1,2071.7,2191.5,2206.6,2077.4,2194.5,2190.1,2065.9,2022.7,2169.5,2039.9,2207.0,2015.6,2191.5,2024.7,2002.5,2048.6,2071.3,2021.5,2043.4,2003.5,2207.0,2052.4,2058.0,2040.6,2042.3,2005.1,2193.1,2003.6,2193.5,2192.1,2192.1,1997.8,2042.1,2041.0,2042.7,2021.6,2043.2,2071.1,2113.0,2092.3,2072.3,2072.3,2004.9,2048.9,2063.8,2134.9,2037.7,2043.9,2037.3,2071.8,2193.8,2044.5,1915.7,2024.5,2041.9,2072.2,2022.9,2188.7,2024.5,2043.0,1990.5,2052.1,2051.4,2022.5,2022.4,2066.7,2192.3,2071.8,2105.5,2043.0,2048.5,2054.9,2070.1,2038.5,2037.7,2190.9,2191.7,2191.4,2193.7,2044.2,2112.1,2040.1,2127.7,2150.6,2193.3,2107.4,2091.8,2071.9,2194.3,2043.0,2047.2,2040.0,2023.7,2073.3,2038.8,2042.5
2048.0,2206.8,2068.3,2192.8,2193.1,2208.0,2218.5,2103.2,2210.4,2204.3,2082.6,2049.2,2187.1,2149.4,2219.3,2035.6,2206.3,2042.7,2023.2,2072.5,2193.2,2046.4,2193.4,2020.6,2218.8,2069.3,2071.4,2192.8,2191.7,2022.1,2210.4,2021.6,2209.3,2208.3,2206.9,2017.0,2192.3,2055.6,2071.2,2043.1,2192.6,2195.8,2191.6,2107.0,2192.1,2106.6,2023.5,2071.6,2077.3,2149.5,2070.8,2191.9,2052.1,2195.3,2209.1,2194.3,2044.1,2040.7,2192.6,2193.9,2042.1,2202.5,2043.6,2071.0,2006.2,2192.5,2068.9,2044.4,2039.1,2192.7,2207.2,2193.8,2122.5,2072.4,2072.8,2071.3,2194.0,2191.6,2053.5,2206.0,2205.0,2206.9,2209.0,2071.9,2134.6,2192.1,2141.7,2168.7,2207.4,2125.6,2106.6,2193.6,2211.8,2066.6,2190.6,2192.0,2040.6,2102.6,2052.6,2153.2
2073.5,2218.7,2193.4,2212.6,2208.5,2219.6,2238.9,2216.0,2222.8,2215.8,2100.2,2192.7,2202.1,2167.1,2235.3,2050.8,2218.4,2192.0,2042.2,2195.2,2208.2,2068.2,2208.3,2192.0,2233.7,2193.1,2089.7,2207.2,2207.5,2049.6,2222.2,2039.4,2222.0,2220.6,2219.5,2038.0,2208.4,2071.9,2106.0,2106.4,2206.4,2211.5,2207.0,2193.7,2206.3,2135.6,2047.8,2095.2,2093.6,2166.7,2193.3,2206.0,2071.4,2209.2,2220.8,2208.5,2059.0,2073.7,2208.7,2213.6,2059.5,2215.2,2066.2,2191.2,2107.4,2208.2,2193.4,2070.0,2191.1,2208.9,2219.6,2212.1,2140.2,2192.8,2192.4,2192.4,2210.2,2207.3,2192.9,2217.5,2217.5,2219.2,2221.0,2194.8,2151.7,2205.8,2194.4,2188.0,2219.4,2151.1,2137.4,2208.5,2224.7,2194.3,2204.2,2207.8,2062.1,2196.1,2069.9,2169.3
2194.3,2233.1,2208.3,2226.8,2220.0,2235.3,2295.5,2231.5,2308.7,2238.5,2194.0,2207.0,2215.7,2190.8,2311.6,2191.0,2233.1,2205.9,2109.6,2209.4,2220.2,2193.0,2219.9,2205.9,2254.7,2211.3,2105.5,2219.2,2219.0,2072.1,2296.2,2105.6,2239.0,2235.1,2234.4,2053.0,2220.1,2214.5,2194.6,2192.9,2218.7,2223.1,2219.5,2213.6,2218.7,2150.9,2192.6,2212.5,2113.8,2193.0,2212.7,2218.9,2193.7,2221.8,2235.8,2220.0,2071.6,2193.6,2220.4,2227.4,2107.4,2230.1,2107.1,2206.8,2126.0,2219.6,2212.8,2192.4,2206.4,2221.0,2234.6,2226.3,2218.2,2207.8,2209.4,2214.0,2222.6,2219.7,2208.5,2233.3,2235.3,2240.8,2239.9,2209.9,2195.0,2217.8,2212.7,2202.7,2236.1,2168.1,2217.1,2220.0,2241.4,2209.1,2216.9,2220.1,2076.0,2213.7,2193.3,2188.6
2211.1,2260.6,2220.5,2242.7,2239.6,2312.4,2311.5,2245.8,2324.0,2364.0,2211.3,2219.1,2308.0,2206.5,2365.0,2205.4,2295.1,2218.2,2192.1,2220.9,2240.0,2207.5,2239.4,2217.9,2365.8,2224.1,2220.5,2238.5,2234.3,2215.6,2310.7,2194.9,2311.6,2310.1,2309.8,2072.2,2235.4,2229.3,2211.1,2212.1,2238.7,2241.3,2238.2,2227.5,2274.4,2194.1,2206.8,2228.7,2219.8,2306.9,2226.4,2233.9,2212.0,2240.4,2260.1,2234.3,2089.4,2207.9,2234.8,2244.2,2195.6,2248.1,2192.1,2219.0,2143.9,2238.9,2227.6,2208.4,2219.1,2240.2,2311.3,2246.7,2253.7,2219.1,2221.5,2227.9,2242.5,2244.5,2220.6,2311.9,2312.7,2311.5,2259.6,2221.2,2214.0,2232.6,2294.9,2216.7,2310.1,2188.4,2239.6,2239.0,2260.4,2221.1,2294.6,2235.1,2215.3,2232.8,2211.9,2205.5
2222.5,2364.5,2237.6,2272.4,2311.6,2365.7,2430.8,2260.6,2340.6,2390.0,2223.3,2233.8,2330.3,2220.7,2399.1,2218.3,2310.6,2235.2,2210.1,2238.4,2259.6,2219.5,2260.4,2234.3,2398.4,2239.5,2239.5,2295.3,2308.7,2231.2,2326.5,2210.8,2351.0,2339.4,2332.8,2213.0,2311.0,2243.8,2224.2,2226.2,2311.8,2308.3,2259.5,2245.1,2293.5,2215.2,2219.0,2244.0,2238.9,2322.3,2245.2,2311.3,2226.4,2310.5,2367.1,2312.4,2105.9,2220.4,2312.1,2363.6,2212.4,2366.5,2213.5,2234.7,2194.9,2313.0,2245.0,2220.9,2234.3,2363.5,2339.8,2295.9,2270.9,2233.5,2238.0,2246.1,2311.4,2260.3,2235.2,2328.9,2329.6,2327.5,2313.0,2238.8,2296.5,2363.3,2308.2,2311.7,2328.1,2220.8,2260.9,2312.5,2400.6,2238.8,2309.0,2310.4,2229.3,2249.2,2228.4,2221.4
2239.1,2400.3,2352.3,2311.5,2328.6,2399.0,2443.4,2312.7,2362.5,2402.6,2238.8,2351.4,2346.4,2364.5,2422.1,2233.3,2368.0,2312.3,2222.0,2363.2,2366.2,2238.6,2365.6,2310.2,2423.6,2311.7,2258.3,2310.7,2326.4,2244.3,2368.7,2227.0,2366.0,2364.5,2350.3,2227.1,2351.4,2259.6,2311.7,2243.5,2330.4,2365.1,2365.1,2312.0,2309.0,2294.2,2235.1,2259.7,2259.7,2337.1,2311.6,2330.4,2243.7,2328.2,2390.7,2346.4,2217.1,2237.7,2330.5,2399.0,2228.7,2390.3,2228.5,2311.3,2214.8,2352.6,2365.6,2239.2,2310.9,2389.1,2361.3,2311.6,2292.7,2364.7,2260.2,2311.5,2347.5,2365.8,2311.4,2347.6,2346.1,2347.1,2365.8,2295.6,2310.3,2400.2,2322.7,2327.2,2347.5,2310.1,2293.2,2351.0,2422.1,2259.7,2323.0,2364.3,2244.7,2271.3,2244.6,2311.5
2310.7,2422.6,2365.6,2368.6,2348.5,2422.2,2458.6,2368.1,2442.0,2421.6,2311.7,2365.6,2363.9,2388.3,2437.9,2311.6,2409.9,2342.2,2238.5,2378.7,2400.5,2307.3,2398.6,2328.2,2438.8,2345.2,2287.2,2368.3,2350.8,2259.8,2441.7,2246.9,2389.9,2401.4,2367.0,2241.2,2366.7,2364.6,2328.5,2310.8,2365.2,2400.0,2399.4,2331.9,2424.6,2308.4,2311.3,2313.9,2295.3,2351.2,2329.0,2349.4,2310.2,2344.4,2406.7,2364.2,2233.4,2364.0,2348.5,2422.7,2245.8,2409.3,2245.8,2330.9,2238.7,2366.1,2387.6,2259.5,2328.4,2402.2,2402.1,2329.7,2308.3,2389.4,2365.5,2329.3,2364.3,2399.5,2329.6,2364.9,2364.0,2364.6,2403.8,2311.5,2325.2,2422.6,2338.7,2343.5,2364.7,2325.1,2309.5,2365.6,2436.3,2364.7,2368.4,2399.1,2258.9,2368.4,2260.9,2328.9
2328.0,2437.9,2389.2,2423.0,2365.4,2437.5,2472.7,2441.2,2460.8,2438.8,2349.3,2389.6,2442.5,2401.5,2469.2,2349.9,2426.1,2363.1,2260.7,2396.9,2423.0,2329.6,2422.1,2363.6,2454.5,2363.8,2307.2,2398.9,2366.0,2295.2,2460.0,2272.7,2487.3,2424.7,2441.1,2258.8,2402.4,2388.9,2344.2,2326.8,2401.6,2423.1,2422.4,2350.6,2439.1,2324.0,2329.1,2365.5,2311.4,2366.7,2352.0,2365.5,2328.3,2365.8,2423.5,2401.9,2253.4,2379.0,2364.7,2438.0,2365.8,2424.5,2313.3,2348.3,2310.3,2442.3,2402.6,2312.8,2346.8,2422.4,2423.9,2439.6,2424.0,2403.1,2400.5,2353.4,2401.9,2421.9,2364.0,2485.7,2468.4,2451.1,2422.9,2368.8,2340.6,2437.3,2366.2,2361.2,2468.3,2344.8,2369.9,2399.3,2449.8,2399.5,2402.8,2422.6,2363.6,2399.3,2366.4,2348.9
2351.1,2452.4,2403.8,2438.3,2471.2,2487.8,2487.9,2454.4,2477.3,2562.3,2365.0,2409.2,2467.7,2420.6,2487.7,2364.8,2440.9,2441.6,2366.1,2423.2,2437.8,2347.7,2438.2,2442.8,2545.8,2440.9,2368.8,2423.2,2468.8,2312.3,2473.3,2311.3,2504.5,2441.5,2468.5,2366.0,2423.8,2404.4,2360.5,2347.4,2424.3,2437.6,2437.6,2365.7,2452.3,2365.0,2350.7,2424.0,2329.2,2473.5,2366.9,2468.7,2366.4,2486.2,2441.4,2424.5,2271.0,2397.9,2468.8,2452.4,2398.8,2442.1,2364.6,2366.2,2328.5,2461.0,2421.7,2365.3,2363.3,2439.6,2439.4,2460.0,2438.7,2422.5,2423.3,2369.4,2423.6,2438.6,2440.5,2504.7,2485.0,2468.9,2438.4,2399.3,2365.9,2451.6,2471.0,2486.0,2484.9,2361.8,2440.2,2443.2,2468.2,2420.4,2425.0,2439.0,2389.8,2422.6,2390.5,2364.8
2367.5,2468.6,2425.7,2451.8,2486.2,2506.8,2626.0,2468.2,2563.9,2581.8,2439.2,2428.5,2484.6,2437.2,2590.1,2400.7,2469.0,2460.6,2399.5,2440.9,2454.6,2364.3,2453.0,2461.8,2562.3,2454.1,2401.7,2441.1,2485.0,2441.2,2488.1,2424.1,2519.5,2547.2,2485.6,2397.7,2441.6,2422.7,2442.2,2365.5,2440.6,2452.9,2451.9,2441.5,2467.6,2441.7,2365.7,2439.2,2442.1,2487.5,2444.4,2485.9,2424.3,2503.5,2566.9,2442.0,2311.1,2422.3,2485.3,2470.1,2424.1,2470.4,2400.7,2486.8,2346.2,2478.5,2438.3,2402.0,2442.1,2563.5,2470.3,2472.7,2452.3,2439.2,2437.3,2440.5,2442.2,2452.1,2467.5,2520.1,2505.4,2485.2,2468.9,2424.2,2486.0,2469.1,2485.7,2504.6,2503.1,2441.5,2454.1,2468.4,2489.1,2440.0,2443.6,2469.3,2407.9,2438.6,2405.4,2470.9
2472.6,2598.5,2442.1,2467.9,2505.2,2525.0,2641.2,2484.2,2586.8,2596.6,2452.5,2491.8,2506.9,2565.7,2605.0,2424.9,2487.4,2474.5,2422.4,2488.9,2587.7,2470.1,2469.8,2475.4,2584.0,2468.7,2423.1,2489.4,2506.0,2454.8,2590.0,2437.7,2541.3,2562.3,2589.1,2423.3,2564.4,2440.8,2460.3,2470.2,2471.0,2471.7,2564.0,2478.3,2485.1,2459.9,2487.0,2452.3,2459.9,2506.0,2469.2,2503.8,2440.0,2518.1,2588.0,2488.3,2367.6,2439.1,2507.4,2491.6,2437.9,2588.9,2421.7,2504.5,2363.3,2491.2,2564.2,2422.6,2468.4,2582.7,2489.8,2486.5,2468.0,2585.2,2452.1,2467.4,2470.2,2562.1,2482.2,2538.2,2524.2,2588.0,2486.8,2438.9,2505.6,2589.4,2505.0,2519.3,2599.0,2468.3,2468.4,2485.7,2673.2,2488.7,2561.3,2488.9,2423.4,2468.8,2423.1,2486.2
2486.9,2621.1,2565.0,2487.4,2523.1,2626.7,2656.8,2624.9,2603.5,2680.7,2468.4,2560.3,2589.9,2582.8,2623.3,2440.2,2669.4,2488.3,2437.8,2590.0,2602.9,2485.6,2490.7,2488.1,2684.1,2487.1,2439.1,2588.3,2520.5,2468.7,2625.5,2450.8,2683.8,2582.8,2603.6,2437.4,2581.1,2588.0,2479.3,2485.7,2489.8,2625.9,2583.2,2493.0,2641.4,2479.5,2505.3,2468.3,2473.8,2522.8,2485.7,2523.4,2459.6,2540.1,2603.2,2589.5,2441.8,2548.7,2524.3,2667.5,2452.9,2603.9,2437.0,2521.4,2443.9,2597.8,2581.8,2438.6,2485.6,2597.1,2599.2,2590.2,2487.9,2597.8,2469.3,2484.0,2587.9,2582.6,2506.4,2680.2,2626.2,2603.3,2599.2,2469.5,2522.1,2625.6,2520.8,2544.8,2622.7,2484.6,2485.3,2589.0,2685.2,2506.2,2587.9,2624.9,2441.8,2486.6,2441.3,2505.6
2504.5,2637.4,2582.6,2657.4,2679.5,2643.8,2683.8,2640.9,2684.5,2694.9,2487.0,2576.4,2606.4,2596.7,2639.3,2575.2,2683.2,2667.8,2452.2,2607.0,2622.8,2505.1,2630.2,2669.0,2700.8,2591.1,2546.1,2602.5,2592.0,2482.9,2641.4,2467.2,2699.8,2598.7,2623.4,2451.8,2596.4,2603.9,2492.9,2504.3,2589.8,2640.4,2597.8,2632.6,2657.4,2492.9,2519.7,2488.7,2487.4,2667.9,2506.3,2544.6,2477.2,2566.4,2623.5,2604.6,2459.2,2562.7,2668.0,2682.0,2470.1,2623.2,2452.2,2539.7,2462.7,2624.9,2597.0,2470.2,2565.1,2625.3,2623.1,2625.6,2590.0,2623.6,2625.6,2589.0,2603.9,2598.0,2590.3,2694.5,2643.9,2623.2,2623.8,2488.2,2539.1,2640.5,2680.6,2568.2,2640.7,2506.5,2598.9,2604.1,2700.4,2524.6,2604.2,2639.8,2584.5,2589.4,2562.7,2522.1
2521.6,2654.0,2596.8,2673.3,2692.6,2667.0,2781.5,2656.6,2701.2,2709.0,2599.1,2589.6,2624.0,2623.5,2780.1,2588.3,2695.6,2680.3,2564.8,2623.3,2638.9,2522.1,2645.1,2682.1,2714.8,2625.4,2560.2,2622.0,2671.2,2588.6,2657.1,2487.5,2714.0,2692.7,2638.7,2470.1,2680.5,2621.7,2641.1,2522.8,2624.7,2655.9,2714.0,2648.0,2670.8,2625.9,2540.9,2669.6,2624.5,2682.5,2644.2,2565.9,2586.8,2684.1,2743.8,2623.8,2474.3,2581.3,2681.6,2694.5,2491.8,2640.5,2565.4,2632.4,2481.6,2642.4,2625.7,2488.0,2583.8,2744.7,2637.9,2640.5,2625.7,2639.8,2640.8,2603.8,2623.0,2687.4,2624.3,2707.5,2659.3,2642.7,2639.0,2589.5,2560.0,2658.7,2693.4,2588.4,2683.5,2589.9,2623.6,2622.3,2714.3,2669.6,2623.5,2658.1,2598.4,2606.2,2586.9,2681.1
2545.9,2671.0,2626.4,2685.3,2705.1,2681.4,2796.2,2671.4,2727.1,2730.6,2622.6,2703.7,2705.9,2742.2,2795.1,2601.6,2710.1,2693.2,2582.0,2639.2,2744.4,2679.6,2660.9,2695.4,2731.8,2640.3,2574.9,2706.1,2685.3,2605.4,2672.9,2589.3,2730.2,2712.8,2745.2,2590.2,2694.7,2639.7,2657.0,2545.9,2643.4,2671.9,2729.5,2662.8,2685.0,2641.4,2566.4,2683.6,2640.1,2695.9,2658.4,2694.7,2603.3,2701.7,2766.1,2638.6,2488.0,2598.3,2695.0,2708.4,2670.0,2743.5,2582.0,2668.9,2588.0,2671.5,2732.5,2588.1,2598.8,2766.0,2655.6,2657.4,2641.7,2685.2,2657.0,2621.4,2638.3,2703.5,2641.1,2726.3,2680.7,2743.2,2658.7,2605.8,2683.9,2684.9,2707.0,2703.2,2703.9,2682.1,2638.3,2641.3,2731.6,2683.7,2744.4,2679.1,2623.7,2624.1,2600.1,2693.6
2683.8,2782.3,2745.9,2701.0,2726.5,2705.5,2809.3,2798.1,2743.4,2806.5,2639.6,2724.5,2731.1,2768.3,2807.2,2622.3,2799.1,2706.0,2597.2,2744.8,2760.1,2692.8,2679.6,2710.6,2801.9,2657.9,2589.3,2731.3,2701.1,2623.8,2781.6,2624.1,2871.3,2730.5,2775.7,2624.5,2710.2,2744.9,2671.0,2679.4,2669.1,2692.3,2742.5,2679.5,2702.7,2656.8,2589.5,2702.0,2668.3,2711.5,2672.1,2710.1,2621.9,2725.6,2778.8,2742.8,2629.8,2732.3,2711.2,2799.0,2683.0,2776.5,2597.7,2684.1,2603.4,2693.2,2750.3,2603.9,2704.3,2779.0,2684.0,2682.9,2658.4,2776.5,2678.9,2640.2,2741.9,2731.6,2658.3,2743.4,2797.3,2776.7,2680.0,2623.4,2701.5,2782.5,2724.6,2727.2,2780.7,2695.6,2670.5,2776.9,2875.4,2699.6,2768.6,2694.6,2640.1,2694.1,2624.0,2705.3
2701.8,2797.0,2766.2,2798.6,2806.5,2798.9,2877.8,2812.3,2798.5,2876.1,2658.4,2739.1,2745.2,2781.6,2824.1,2741.8,2816.9,2799.5,2684.9,2776.2,2776.2,2706.1,2697.3,2799.0,2868.7,2745.3,2694.8,2744.6,2727.5,2643.9,2796.9,2640.5,2885.6,2744.9,2790.1,2639.6,2729.6,2775.4,2685.3,2693.7,2684.6,2798.4,2760.0,2695.3,2807.2,2671.2,2741.5,2716.1,2683.9,2731.1,2685.1,2724.9,2639.9,2740.8,2795.2,2767.7,2647.9,2744.7,2731.5,2875.6,2695.0,2790.3,2686.5,2701.8,2622.6,2780.4,2767.7,2622.9,2727.0,2794.5,2777.7,2797.6,2744.5,2791.0,2694.1,2741.8,2776.2,2750.1,2680.4,2877.1,2813.3,2794.1,2784.3,2684.5,2725.6,2796.4,2742.7,2742.6,2796.0,2710.3,2685.7,2790.2,2890.4,2731.1,2782.5,2798.9,2659.3,2714.7,2742.0,2720.9
2720.4,2815.6,2780.0,2843.4,2858.5,2814.2,2899.9,2836.5,2877.8,2896.6,2776.8,2776.6,2777.3,2796.1,2938.4,2775.3,2836.3,2857.2,2701.3,2790.9,2797.5,2727.7,2801.9,2869.7,2887.1,2776.8,2712.6,2765.0,2744.5,2776.3,2813.1,2658.6,2899.7,2799.4,2803.4,2658.1,2800.4,2788.8,2702.6,2709.7,2704.9,2855.7,2877.3,2798.7,2871.5,2693.5,2767.3,2731.1,2701.4,2807.1,2703.1,2742.4,2775.4,2782.7,2878.3,2781.4,2667.5,2759.6,2860.1,2889.9,2709.4,2803.2,2701.9,2798.4,2638.7,2796.3,2782.8,2702.4,2742.2,2902.3,2795.6,2811.6,2775.0,2804.1,2799.0,2760.7,2790.4,2877.0,2798.7,2892.7,2829.1,2807.9,2798.4,2703.1,2740.7,2809.8,2876.2,2761.8,2816.3,2726.0,2780.7,2802.9,2903.0,2798.0,2796.9,2816.2,2684.8,2731.2,2759.5,2804.8
2735.9,2901.8,2795.4,2858.0,2875.5,2876.2,2916.3,2854.3,2896.6,2908.7,2790.4,2796.9,2797.6,2877.9,2959.8,2788.4,2857.8,2874.1,2731.7,2804.9,2877.8,2743.8,2856.6,2885.9,2901.6,2796.2,2728.9,2877.9,2877.7,2790.7,2901.2,2776.2,2913.2,2877.7,2902.1,2679.8,2876.2,2802.0,2799.5,2730.7,2799.2,2870.1,2900.1,2868.8,2886.2,2798.5,2779.8,2870.8,2798.9,2876.7,2800.7,2806.7,2788.3,2798.9,2899.2,2796.7,2682.7,2775.8,2876.4,2902.5,2731.1,2903.1,2731.1,2825.1,2744.5,2814.4,2797.6,2731.0,2760.1,2916.7,2877.0,2827.5,2789.9,2876.6,2843.8,2776.9,2803.2,2891.0,2815.3,2904.9,2856.0,2878.5,2814.0,2744.6,2806.6,2877.4,2889.5,2779.5,2877.3,2742.9,2796.3,2817.6,2936.0,2857.1,2815.8,2832.4,2797.8,2798.8,2775.1,2876.1
2799.0,2915.6,2878.0,2873.4,2890.3,2897.4,2936.4,2876.6,2908.8,2938.1,2802.7,2878.1,2901.3,2900.8,2974.5,2800.4,2877.3,2887.0,2745.6,2902.7,2898.2,2876.4,2874.3,2900.0,2916.1,2877.8,2743.7,2898.2,2895.6,2802.8,2915.2,2788.9,2936.5,2899.2,2916.9,2777.4,2889.8,2903.9,2844.7,2798.3,2844.6,2885.3,2912.7,2885.1,2900.4,2845.6,2795.4,2886.8,2857.8,2898.0,2875.9,2877.2,2799.9,2903.0,2915.4,2901.3,2703.2,2797.7,2889.1,2915.9,2877.2,2916.6,2746.1,2841.3,2767.0,2878.5,2903.7,2744.1,2777.9,2934.4,2890.4,2844.6,2803.6,2900.9,2857.6,2794.6,2877.8,2903.0,2830.1,2920.7,2876.5,2901.3,2877.8,2779.6,2877.1,2899.6,2901.7,2799.9,2901.1,2877.0,2875.9,2902.7,3021.8,2874.2,2904.5,2877.3,2828.1,2829.1,2790.0,2889.9
2876.8,2934.8,2901.3,2889.5,2904.0,2910.6,3019.8,2904.1,2927.5,3021.1,2878.7,2899.5,2914.4,2916.0,3019.8,2889.1,2903.0,2901.8,2800.5,2936.0,2912.6,2888.9,2887.9,2914.6,2939.7,2898.2,2800.3,2911.6,2907.6,2817.6,2934.7,2800.2,3021.5,2911.3,2934.5,2796.4,2903.0,2927.7,2868.2,2876.0,2865.6,2900.8,2935.2,2898.9,2937.9,2864.2,2878.9,2900.4,2873.1,2911.3,2889.0,2897.9,2815.8,2933.9,2936.9,2916.6,2799.0,2902.9,2902.7,3022.0,2898.4,2935.5,2776.7,2857.4,2781.9,2901.4,2936.5,2800.5,2799.6,2951.9,2903.3,2902.9,2878.2,2916.2,2875.8,2878.9,2900.9,2918.4,2845.2,2938.4,2901.5,2916.3,2901.3,2797.1,2897.4,2914.5,2916.7,2903.7,2937.0,2898.1,2889.5,2937.9,3037.2,2888.6,2936.9,2901.4,2842.9,2844.3,2805.6,2902.5
2896.8,2976.2,2974.7,2904.2,3020.2,2935.6,3036.9,3020.3,3021.5,3036.8,2899.6,2917.4,2935.4,2936.2,3057.0,2903.1,3020.0,3020.9,2876.8,2959.5,2938.1,2901.5,2901.7,2977.2,3023.8,2910.8,2876.5,2936.2,2922.6,2938.6,2975.2,2815.2,3055.8,2936.2,2979.9,2810.7,2938.2,2942.5,2885.7,2891.5,2878.4,3019.6,3019.3,2914.1,3020.2,2877.4,2899.9,2915.4,2887.8,2936.3,2901.5,2909.7,2903.0,2958.8,3022.6,2935.4,2815.2,2936.8,3018.8,3049.4,2911.0,2976.3,2797.7,2875.5,2796.4,2944.3,2974.0,2870.5,2902.3,2975.5,3019.3,2939.9,2901.4,2936.1,2900.7,2900.7,2921.7,2938.8,2878.1,3058.1,3020.1,2937.6,2939.1,2877.1,2909.5,2938.0,2941.8,2938.4,2957.9,2911.0,2901.8,2963.9,3050.8,2902.3,2958.3,2974.7,2858.0,2875.9,2902.7,2937.0
2909.1,3021.5,2991.5,3020.6,3036.4,3050.0,3051.5,3036.4,3039.9,3049.6,2915.5,2936.6,2977.6,3049.2,3072.4,2920.5,3036.0,3036.2,2900.2,2974.7,2976.5,2917.6,3021.1,3021.2,3042.2,2935.6,2898.3,2975.4,2938.4,2958.0,3022.3,2903.3,3071.6,3021.7,3019.4,2876.7,3020.0,2974.9,2901.8,2903.4,2901.2,3035.8,3036.6,3020.8,3035.9,2900.3,2974.0,2936.1,2902.1,3020.1,2916.6,2935.4,2945.1,2974.1,3048.5,2975.8,2833.0,2961.2,3036.2,3066.0,2927.3,3020.0,2902.7,2976.8,2902.8,2976.3,2994.2,2885.9,2935.9,3092.3,3035.3,2975.3,2935.1,3022.6,2980.1,2916.6,2938.5,3049.0,2909.2,3073.1,3036.4,3022.3,2975.9,2899.4,2937.5,3021.4,3057.4,2958.2,2975.5,2935.9,2916.1,2978.7,3067.6,3020.1,2974.4,2992.6,2876.6,2901.1,2936.8,2976.5
2936.5,3050.6,3017.3,3039.5,3050.6,3067.7,3071.7,3049.5,3054.9,3068.1,2936.4,3050.0,3021.6,3067.1,3087.5,2937.5,3050.0,3049.3,2920.7,3021.7,3055.5,2938.9,3037.4,3056.4,3057.4,3021.3,2910.3,3021.5,3056.9,2974.2,3048.6,2937.6,3085.6,3039.2,3048.8,2901.2,3036.3,3021.6,2978.7,2936.7,3019.9,3049.8,3051.7,3036.9,3049.4,3019.0,2991.7,3022.6,3020.1,3038.3,3049.5,3022.3,2962.2,3022.3,3067.2,3021.6,2877.2,2974.8,3049.4,3080.0,2943.7,3037.2,2917.5,3018.9,2917.3,3019.2,3018.3,2900.2,2959.3,3107.3,3048.4,3020.7,2975.6,3038.4,3019.2,2935.6,3022.3,3066.6,3017.9,3087.7,3049.2,3038.6,3018.5,2913.4,3019.9,3037.0,3070.9,2974.6,3083.5,3021.6,3022.7,3071.0,,3035.8,3056.3,3018.4,2902.2,3021.9,2958.6,3022.2
3022.8,3069.1,3050.9,3055.0,3066.5,3081.1,3092.2,3066.2,3071.5,3089.1,3049.4,3067.3,3049.3,3080.2,3110.0,3021.1,3066.7,3066.3,2938.2,3049.6,3070.8,3057.5,3051.1,3071.8,3077.3,3038.1,2936.0,3049.5,3071.1,3020.2,3071.5,2957.8,3111.0,3055.5,3066.3,2917.3,3049.5,3049.2,3021.4,2975.5,3035.8,3066.0,3075.2,3051.2,3068.8,3036.2,3018.2,3049.3,3036.7,3055.0,3064.5,3037.3,2977.0,3038.3,3081.4,3039.4,2900.4,3021.0,3064.9,3095.6,3057.3,3055.4,2934.4,3035.8,2934.6,3036.4,3037.6,2976.5,2974.7,3123.9,3062.7,3036.9,3019.1,3055.0,3035.2,3021.3,3040.5,3079.8,3036.0,3108.7,3067.5,3054.0,3037.1,2936.7,3048.7,3055.5,3084.3,3020.6,3096.7,3036.8,3038.4,3084.0,,3049.9,3071.8,3037.6,3019.8,3037.4,2975.1,3049.5
3038.2,3095.4,3069.6,3070.5,3083.1,3095.2,,3082.3,3090.2,,3068.6,3079.4,3068.1,3093.9,,3038.9,3082.9,3091.5,3021.3,3070.3,3083.2,3071.1,3068.2,3085.6,,3054.9,3021.1,3071.7,3085.0,3036.9,3087.1,2974.7,3140.6,3072.0,3080.8,2936.1,3069.6,3069.3,3036.4,3022.1,3048.6,3081.5,3093.1,3068.7,3084.9,3049.7,3037.8,3069.1,3050.1,3071.3,3077.7,3051.5,3021.1,3056.1,3097.9,3057.8,2975.3,3050.5,3079.0,,3071.4,3074.8,2977.2,3050.7,2974.5,3051.9,3055.7,3019.1,3022.3,3138.6,3077.8,3055.6,3036.4,3070.7,3049.7,3048.7,3055.3,3094.6,3049.1,3142.4,3082.9,3070.8,3054.8,2976.6,3066.4,3070.1,3098.9,3038.3,3110.3,3050.5,3055.0,3096.7,,3067.4,3086.4,3055.6,3036.8,3050.5,3022.8,3068.8
3050.9,3141.4,3084.2,3088.0,,3111.6,,,,,3081.2,3094.0,3082.3,3109.6,,3055.8,,,3036.9,3093.2,3097.6,3084.1,3084.2,3109.4,,3072.1,3037.2,3089.3,3098.6,3055.2,3109.8,3022.4,,3091.3,3098.6,3048.6,3088.1,3085.1,3055.4,3038.0,3066.0,,,3089.6,,3068.5,3055.6,3083.4,3067.7,3098.0,3092.6,3068.6,3049.9,3142.1,,3075.8,2992.5,3069.3,,,3084.2,,2999.3,3068.3,3019.5,3072.6,,3035.4,3056.4,,,3071.6,3051.5,3098.6,3071.7,3066.3,3072.3,,3065.6,,,3088.9,3071.3,3021.0,3080.3,,,3056.3,3138.1,3069.4,3071.6,3141.9,,3082.8,3108.3,3140.2,3049.7,3067.8,3049.4,3089.0
3070.1,,,,,,,,,,3095.7,3109.5,3099.2,,,3074.0,,,3050.7,3142.5,,3097.4,,,,3089.6,3050.6,,,3072.3,,3057.1,,,,3065.6,,,3073.4,3056.8,3079.9,,,,,3089.9,3072.7,3098.4,3082.6,,3109.6,,3072.3,,,3098.3,3020.3,3085.2,,,3098.8,,3019.9,3084.1,3037.0,,,3049.4,3074.0,,,3097.5,3076.3,,3142.1,3079.9,3090.5,,3080.6,,,,3088.6,3050.2,3097.9,,,3141.9,,3142.9,3092.8,,,,3143.1,,3067.0,3082.7,3070.5,3141.5
3090.0,,,,,,,,,,3111.0,,,,,3092.3,,,3069.5,,,,,,,,3068.5,,,,,3074.1,,,,3078.7,,,,3072.3,,,,,,,,,,,,,3089.5,,,,3039.2,3110.3,,,,,3056.8,,3055.0,,,3066.2,3090.1,,,,,,,3094.9,,,,,,,,3071.1,,,,,,,,,,,,,3083.7,3098.9,3086.6,
,,,,,,,,,,,,,,,,,,,,,,,,,,,,,,,3090.6,,,,3093.8,,,,,,,,,,,,,,,,,3142.1,,,,3140.1,,,,,,3076.6,,3074.6,,,3083.7,3109.9,,,,,,,,,,,,,,,3085.8,,,,,,,,,,,,,,,,
,,,,,,,,,,,,,,,,,,,,,,,,,,,,,,,3109.8,,,,3109.5,,,,,,,,,,,,,,,,,,,,,,,,,,,3092.5,,,,,,,,,,,,,,,,,,,,,3109.0,,,,,,,,,,,,,,,,
